{
  "best_round": 10,
  "fl_validation": {},
  "global_holdout": {
    "roc_auc": 0.9735496746071934,
    "pr_auc": 0.7676403739626253,
    "f1": 0.7724137931034483,
    "precision": 0.7887323943661971,
    "recall": 0.7567567567567568,
    "accuracy": 0.999227546171672,
    "optimal_threshold": 0.5699999999999997
  }
}