{
  "best_round": 8,
  "fl_validation": {
    "round": 8.0,
    "roc_auc": 0.9750334116156377,
    "pr_auc": 0.7314417626738459,
    "f1": 0.7658346917510632,
    "precision": 0.8078110136926073,
    "recall": 0.7294749723619866,
    "accuracy": 0.9992151679127598
  },
  "global_holdout": {
    "roc_auc": 0.972458060799562,
    "pr_auc": 0.7666405417145109,
    "f1": 0.75,
    "precision": 0.7714285714285715,
    "recall": 0.7297297297297297,
    "accuracy": 0.9991573230963695,
    "optimal_threshold": 0.1
  }
}