{
  "best_round": 8,
  "fl_validation": {
    "round": 8.0,
    "roc_auc": 0.9757284209395609,
    "pr_auc": 0.7932739788048949,
    "f1": 0.7953567164939187,
    "precision": 0.816975935577809,
    "recall": 0.7762720353766573,
    "accuracy": 0.9992977818166797
  },
  "global_holdout": {
    "roc_auc": 0.9747794433118138,
    "pr_auc": 0.760970928517467,
    "f1": 0.7724137931034483,
    "precision": 0.7887323943661971,
    "recall": 0.7567567567567568,
    "accuracy": 0.999227546171672,
    "optimal_threshold": 0.7199999999999996
  }
}