{
  "best_round": 20,
  "fl_validation": {
    "round": 20,
    "roc_auc": 0.9778624434335624,
    "pr_auc": 0.7778897467214139,
    "f1": 0.7742584213172449,
    "precision": 0.8574879227053139,
    "recall": 0.7060755336617406,
    "accuracy": 0.9992771274869685,
    "strategy": "fedprox",
    "mu": 0.01
  },
  "global_holdout": {
    "roc_auc": 0.9730376142550505,
    "pr_auc": 0.7550852516656802,
    "f1": 0.7538461538461538,
    "precision": 0.875,
    "recall": 0.6621621621621622,
    "accuracy": 0.9992509538634395,
    "optimal_threshold": 0.19999999999999996
  }
}