{
  "val_loss": 1.32858970673879,
  "num_samples": 1500,
  "num_positive": 15,
  "roc_auc": 0.8435465768799102,
  "pr_auc": 0.2849306247131576,
  "precision": 0.01,
  "recall": 1.0,
  "f1": 0.019801980198019802,
  "confusion_matrix": [
    [
      0,
      1485
    ],
    [
      0,
      15
    ]
  ],
  "optimal_threshold": 0.1
}